<?xml version="1.0" encoding="UTF-8" standalone="no"?>
<project>
	<configuration id="com.freescale.s32ds.cross.gnu.arm.cortexm.exe.debug.1722467022.242298676" name="lab1">
		<extension point="org.eclipse.cdt.core.LanguageSettingsProvider">
			<provider copy-of="extension" id="org.eclipse.cdt.ui.UserLanguageSettingsProvider"/>
			<provider-reference id="org.eclipse.cdt.core.ReferencedProjectsLanguageSettingsProvider" ref="shared-provider"/>
			<provider-reference id="org.eclipse.cdt.managedbuilder.core.MBSLanguageSettingsProvider" ref="shared-provider"/>
			<provider class="com.freescale.s32ds.cross.gnu.CrossGCCBuiltinSpecsDetector" console="false" env-hash="-1260965429130607171" id="com.freescale.s32ds.cross.gnu.CrossGCCBuiltinSpecsDetector" keep-relative-paths="false" name="CDT S32DS Built-in Compiler Settings" parameter="${COMMAND} ${FLAGS} -E -P -v -dD &quot;${INPUTS}&quot;" prefer-non-shared="true">
				<language-scope id="org.eclipse.cdt.core.gcc"/>
				<language-scope id="org.eclipse.cdt.core.g++"/>
			</provider>
		</extension>
	</configuration>
	<configuration id="com.freescale.s32ds.cross.gnu.arm.cortexm.exe.debug.1722467022.1258157490" name="lab2">
		<extension point="org.eclipse.cdt.core.LanguageSettingsProvider">
			<provider copy-of="extension" id="org.eclipse.cdt.ui.UserLanguageSettingsProvider"/>
			<provider-reference id="org.eclipse.cdt.core.ReferencedProjectsLanguageSettingsProvider" ref="shared-provider"/>
			<provider-reference id="org.eclipse.cdt.managedbuilder.core.MBSLanguageSettingsProvider" ref="shared-provider"/>
			<provider class="com.freescale.s32ds.cross.gnu.CrossGCCBuiltinSpecsDetector" console="false" env-hash="-1260965429130607171" id="com.freescale.s32ds.cross.gnu.CrossGCCBuiltinSpecsDetector" keep-relative-paths="false" name="CDT S32DS Built-in Compiler Settings" parameter="${COMMAND} ${FLAGS} -E -P -v -dD &quot;${INPUTS}&quot;" prefer-non-shared="true">
				<language-scope id="org.eclipse.cdt.core.gcc"/>
				<language-scope id="org.eclipse.cdt.core.g++"/>
			</provider>
		</extension>
	</configuration>
	<configuration id="com.freescale.s32ds.cross.gnu.arm.cortexm.exe.debug.1722467022.65415819" name="lab3">
		<extension point="org.eclipse.cdt.core.LanguageSettingsProvider">
			<provider copy-of="extension" id="org.eclipse.cdt.ui.UserLanguageSettingsProvider"/>
			<provider-reference id="org.eclipse.cdt.core.ReferencedProjectsLanguageSettingsProvider" ref="shared-provider"/>
			<provider-reference id="org.eclipse.cdt.managedbuilder.core.MBSLanguageSettingsProvider" ref="shared-provider"/>
			<provider class="com.freescale.s32ds.cross.gnu.CrossGCCBuiltinSpecsDetector" console="false" env-hash="-1260965429130607171" id="com.freescale.s32ds.cross.gnu.CrossGCCBuiltinSpecsDetector" keep-relative-paths="false" name="CDT S32DS Built-in Compiler Settings" parameter="${COMMAND} ${FLAGS} -E -P -v -dD &quot;${INPUTS}&quot;" prefer-non-shared="true">
				<language-scope id="org.eclipse.cdt.core.gcc"/>
				<language-scope id="org.eclipse.cdt.core.g++"/>
			</provider>
		</extension>
	</configuration>
	<configuration id="com.freescale.s32ds.cross.gnu.arm.cortexm.exe.debug.1722467022.1549510572" name="lab4">
		<extension point="org.eclipse.cdt.core.LanguageSettingsProvider">
			<provider copy-of="extension" id="org.eclipse.cdt.ui.UserLanguageSettingsProvider"/>
			<provider-reference id="org.eclipse.cdt.core.ReferencedProjectsLanguageSettingsProvider" ref="shared-provider"/>
			<provider-reference id="org.eclipse.cdt.managedbuilder.core.MBSLanguageSettingsProvider" ref="shared-provider"/>
			<provider class="com.freescale.s32ds.cross.gnu.CrossGCCBuiltinSpecsDetector" console="false" env-hash="-1260965429130607171" id="com.freescale.s32ds.cross.gnu.CrossGCCBuiltinSpecsDetector" keep-relative-paths="false" name="CDT S32DS Built-in Compiler Settings" parameter="${COMMAND} ${FLAGS} -E -P -v -dD &quot;${INPUTS}&quot;" prefer-non-shared="true">
				<language-scope id="org.eclipse.cdt.core.gcc"/>
				<language-scope id="org.eclipse.cdt.core.g++"/>
			</provider>
		</extension>
	</configuration>
	<configuration id="com.freescale.s32ds.cross.gnu.arm.cortexm.exe.debug.1722467022.1494107923" name="lab5">
		<extension point="org.eclipse.cdt.core.LanguageSettingsProvider">
			<provider copy-of="extension" id="org.eclipse.cdt.ui.UserLanguageSettingsProvider"/>
			<provider-reference id="org.eclipse.cdt.core.ReferencedProjectsLanguageSettingsProvider" ref="shared-provider"/>
			<provider-reference id="org.eclipse.cdt.managedbuilder.core.MBSLanguageSettingsProvider" ref="shared-provider"/>
			<provider class="com.freescale.s32ds.cross.gnu.CrossGCCBuiltinSpecsDetector" console="false" env-hash="-1260965429130607171" id="com.freescale.s32ds.cross.gnu.CrossGCCBuiltinSpecsDetector" keep-relative-paths="false" name="CDT S32DS Built-in Compiler Settings" parameter="${COMMAND} ${FLAGS} -E -P -v -dD &quot;${INPUTS}&quot;" prefer-non-shared="true">
				<language-scope id="org.eclipse.cdt.core.gcc"/>
				<language-scope id="org.eclipse.cdt.core.g++"/>
			</provider>
		</extension>
	</configuration>
	<configuration id="com.freescale.s32ds.cross.gnu.arm.cortexm.exe.debug.1722467022.1119554409" name="lab7">
		<extension point="org.eclipse.cdt.core.LanguageSettingsProvider">
			<provider copy-of="extension" id="org.eclipse.cdt.ui.UserLanguageSettingsProvider"/>
			<provider-reference id="org.eclipse.cdt.core.ReferencedProjectsLanguageSettingsProvider" ref="shared-provider"/>
			<provider-reference id="org.eclipse.cdt.managedbuilder.core.MBSLanguageSettingsProvider" ref="shared-provider"/>
			<provider class="com.freescale.s32ds.cross.gnu.CrossGCCBuiltinSpecsDetector" console="false" env-hash="-1260965429130607171" id="com.freescale.s32ds.cross.gnu.CrossGCCBuiltinSpecsDetector" keep-relative-paths="false" name="CDT S32DS Built-in Compiler Settings" parameter="${COMMAND} ${FLAGS} -E -P -v -dD &quot;${INPUTS}&quot;" prefer-non-shared="true">
				<language-scope id="org.eclipse.cdt.core.gcc"/>
				<language-scope id="org.eclipse.cdt.core.g++"/>
			</provider>
		</extension>
	</configuration>
	<configuration id="com.freescale.s32ds.cross.gnu.arm.cortexm.exe.debug.1722467022.1445591257" name="lab6">
		<extension point="org.eclipse.cdt.core.LanguageSettingsProvider">
			<provider copy-of="extension" id="org.eclipse.cdt.ui.UserLanguageSettingsProvider"/>
			<provider-reference id="org.eclipse.cdt.core.ReferencedProjectsLanguageSettingsProvider" ref="shared-provider"/>
			<provider-reference id="org.eclipse.cdt.managedbuilder.core.MBSLanguageSettingsProvider" ref="shared-provider"/>
			<provider class="com.freescale.s32ds.cross.gnu.CrossGCCBuiltinSpecsDetector" console="false" env-hash="-1260965429130607171" id="com.freescale.s32ds.cross.gnu.CrossGCCBuiltinSpecsDetector" keep-relative-paths="false" name="CDT S32DS Built-in Compiler Settings" parameter="${COMMAND} ${FLAGS} -E -P -v -dD &quot;${INPUTS}&quot;" prefer-non-shared="true">
				<language-scope id="org.eclipse.cdt.core.gcc"/>
				<language-scope id="org.eclipse.cdt.core.g++"/>
			</provider>
		</extension>
	</configuration>
	<configuration id="com.freescale.s32ds.cross.gnu.arm.cortexm.exe.debug.1722467022.65415819.1557594155" name="lab3o">
		<extension point="org.eclipse.cdt.core.LanguageSettingsProvider">
			<provider copy-of="extension" id="org.eclipse.cdt.ui.UserLanguageSettingsProvider"/>
			<provider-reference id="org.eclipse.cdt.core.ReferencedProjectsLanguageSettingsProvider" ref="shared-provider"/>
			<provider-reference id="org.eclipse.cdt.managedbuilder.core.MBSLanguageSettingsProvider" ref="shared-provider"/>
			<provider class="com.freescale.s32ds.cross.gnu.CrossGCCBuiltinSpecsDetector" console="false" env-hash="-1260965429130607171" id="com.freescale.s32ds.cross.gnu.CrossGCCBuiltinSpecsDetector" keep-relative-paths="false" name="CDT S32DS Built-in Compiler Settings" parameter="${COMMAND} ${FLAGS} -E -P -v -dD &quot;${INPUTS}&quot;" prefer-non-shared="true">
				<language-scope id="org.eclipse.cdt.core.gcc"/>
				<language-scope id="org.eclipse.cdt.core.g++"/>
			</provider>
		</extension>
	</configuration>
</project>
